1,0,0,-0.034055728,-0.015479876,-0.037151703,-0.018575851,-0.040247678,-0.021671827,-0.030959752,-0.018575851,-0.030959752,-0.021671827,-0.034055728,-0.027863777,-0.043343653,-0.055727554,-0.034055728,-0.06501548,0.018575851,-0.009287926,0.021671827,-0.012383901,0.037151703,-0.06501548,0.111455108,-0.148606811,0.061919505,0.176470588,0.13003096,0.105263158,0.024767802,0.424148607,0.068111455,0.306501548,-0.015479876,0.458204334,0.043343653,0.315789474,-0.021671827,0.436532508,0.037151703,0.325077399,-0.003095975,0.427244582,0.049535604,0.334365325,0.473684211,0.021671827,0.510835913,-0.034055728,0.554179567,0.405572755,0.60371517,0.222910217,0.925696594,0.278637771,0.907120743,0.244582043,0.978328173,0.238390093,0.969040248,0.20123839,1,0.393188854,0.996904025,0.349845201
1,0,0,-0.027439024,-0.015243902,-0.030487805,-0.018292683,-0.033536585,-0.021341463,-0.027439024,-0.018292683,-0.027439024,-0.024390244,-0.027439024,-0.030487805,-0.030487805,-0.057926829,-0.024390244,-0.070121951,0.021341463,-0.009146341,0.027439024,-0.015243902,0.051829268,-0.06097561,0.12804878,-0.146341463,0.076219512,0.176829268,0.143292683,0.109756098,0.036585366,0.426829268,0.082317073,0.295731707,-0.00304878,0.463414634,0.057926829,0.304878049,-0.009146341,0.43902439,0.051829268,0.317073171,0.009146341,0.426829268,0.06402439,0.323170732,0.487804878,0.021341463,0.518292683,-0.030487805,0.56402439,0.402439024,0.600609756,0.222560976,0.923780488,0.277439024,0.902439024,0.24695122,0.978658537,0.237804878,0.966463415,0.201219512,1,0.390243902,0.993902439,0.347560976
1,0,0,-0.027272727,-0.015151515,-0.027272727,-0.018181818,-0.03030303,-0.021212121,-0.024242424,-0.018181818,-0.024242424,-0.024242424,-0.024242424,-0.03030303,-0.027272727,-0.054545455,-0.021212121,-0.06969697,0.021212121,-0.009090909,0.027272727,-0.012121212,0.054545455,-0.057575758,0.13030303,-0.139393939,0.078787879,0.181818182,0.151515152,0.112121212,0.039393939,0.427272727,0.087878788,0.303030303,0.003030303,0.463636364,0.060606061,0.318181818,-0.003030303,0.439393939,0.054545455,0.33030303,0.015151515,0.427272727,0.066666667,0.336363636,0.487878788,0.027272727,0.524242424,-0.027272727,0.566666667,0.403030303,0.609090909,0.233333333,0.924242424,0.281818182,0.906060606,0.248484848,0.975757576,0.239393939,0.966666667,0.203030303,1,0.390909091,0.990909091,0.348484848
1,0,0,-0.027108434,-0.015060241,-0.027108434,-0.018072289,-0.030120482,-0.021084337,-0.024096386,-0.018072289,-0.024096386,-0.024096386,-0.024096386,-0.030120482,-0.027108434,-0.057228916,-0.021084337,-0.069277108,0.024096386,-0.009036145,0.027108434,-0.012048193,0.057228916,-0.063253012,0.129518072,-0.141566265,0.081325301,0.180722892,0.15060241,0.108433735,0.042168675,0.421686747,0.090361446,0.307228916,0.006024096,0.460843373,0.063253012,0.31626506,0,0.436746988,0.057228916,0.325301205,0.018072289,0.424698795,0.069277108,0.334337349,0.484939759,0.021084337,0.512048193,-0.027108434,0.56626506,0.397590361,0.596385542,0.225903614,0.921686747,0.274096386,0.897590361,0.240963855,0.975903614,0.234939759,0.960843373,0.192771084,1,0.385542169,0.984939759,0.343373494
1,0,0,-0.027108434,-0.018072289,-0.030120482,-0.021084337,-0.030120482,-0.024096386,-0.024096386,-0.021084337,-0.027108434,-0.027108434,-0.027108434,-0.03313253,-0.027108434,-0.060240964,-0.021084337,-0.072289157,0.021084337,-0.012048193,0.024096386,-0.015060241,0.060240964,-0.069277108,0.129518072,-0.141566265,0.084337349,0.174698795,0.15060241,0.108433735,0.045180723,0.418674699,0.093373494,0.304216867,0.009036145,0.457831325,0.06626506,0.313253012,0,0.43373494,0.060240964,0.325301205,0.018072289,0.421686747,0.072289157,0.334337349,0.487951807,0.012048193,0.518072289,-0.036144578,0.56626506,0.394578313,0.593373494,0.25,0.921686747,0.271084337,0.90060241,0.237951807,0.972891566,0.231927711,0.960843373,0.189759036,1,0.379518072,0.987951807,0.340361446
1,0,0,-0.026946108,-0.01497006,-0.02994012,-0.020958084,-0.032934132,-0.023952096,-0.026946108,-0.017964072,-0.026946108,-0.023952096,-0.026946108,-0.02994012,-0.026946108,-0.05988024,-0.020958084,-0.071856287,0.023952096,-0.008982036,0.026946108,-0.011976048,0.05988024,-0.074850299,0.125748503,-0.137724551,0.083832335,0.167664671,0.143712575,0.107784431,0.041916168,0.413173653,0.086826347,0.299401198,0.002994012,0.449101796,0.056886228,0.311377246,-0.002994012,0.425149701,0.050898204,0.320359281,0.01497006,0.413173653,0.065868263,0.329341317,0.494011976,0.008982036,0.511976048,-0.035928144,0.55988024,0.383233533,0.583832335,0.233532934,0.916167665,0.263473054,0.892215569,0.22754491,0.967065868,0.221556886,0.946107784,0.179640719,1,0.368263473,0.979041916,0.326347305
1,0,0,-0.027027027,-0.018018018,-0.03003003,-0.021021021,-0.03003003,-0.024024024,-0.024024024,-0.021021021,-0.024024024,-0.024024024,-0.027027027,-0.03003003,-0.027027027,-0.063063063,-0.021021021,-0.072072072,0.024024024,-0.009009009,0.027027027,-0.012012012,0.063063063,-0.072072072,0.129129129,-0.141141141,0.084084084,0.168168168,0.15015015,0.099099099,0.042042042,0.411411411,0.087087087,0.294294294,0.006006006,0.441441441,0.06006006,0.297297297,-0.003003003,0.42042042,0.054054054,0.306306306,0.015015015,0.411411411,0.066066066,0.318318318,0.501501502,0.009009009,0.510510511,-0.036036036,0.561561562,0.384384384,0.591591592,0.228228228,0.921921922,0.264264264,0.894894895,0.231231231,0.972972973,0.222222222,0.951951952,0.183183183,1,0.369369369,0.978978979,0.33033033
1,0,0,-0.03021148,-0.01510574,-0.03021148,-0.018126888,-0.033232628,-0.021148036,-0.027190332,-0.018126888,-0.027190332,-0.021148036,-0.027190332,-0.027190332,-0.033232628,-0.057401813,-0.027190332,-0.069486405,0.021148036,-0.009063444,0.024169184,-0.012084592,0.054380665,-0.066465257,0.120845921,-0.135951662,0.072507553,0.175226586,0.141993958,0.105740181,0.033232628,0.425981873,0.078549849,0.305135952,-0.003021148,0.456193353,0.051359517,0.314199396,-0.012084592,0.435045317,0.045317221,0.320241692,0.006042296,0.422960725,0.060422961,0.329305136,0.489425982,0.018126888,0.510574018,-0.03021148,0.555891239,0.392749245,0.592145015,0.223564955,0.915407855,0.268882175,0.891238671,0.238670695,0.966767372,0.223564955,0.951661631,0.187311178,1,0.377643505,0.978851964,0.33836858
1,0,0,-0.027190332,-0.01510574,-0.03021148,-0.018126888,-0.033232628,-0.021148036,-0.024169184,-0.018126888,-0.024169184,-0.024169184,-0.024169184,-0.03021148,-0.03021148,-0.051359517,-0.024169184,-0.069486405,0.021148036,-0.009063444,0.027190332,-0.01510574,0.057401813,-0.054380665,0.132930514,-0.148036254,0.078549849,0.190332326,0.18429003,0.090634441,0.036253776,0.432024169,0.093655589,0.299093656,0.003021148,0.465256798,0.069486405,0.305135952,-0.006042296,0.444108761,0.063444109,0.317220544,0.012084592,0.432024169,0.072507553,0.326283988,0.486404834,0.033232628,0.519637462,-0.021148036,0.561933535,0.404833837,0.589123867,0.259818731,0.918429003,0.283987915,0.897280967,0.250755287,0.96978852,0.238670695,0.957703927,0.202416918,1,0.392749245,0.987915408,0.350453172
1,0,0,-0.027108434,-0.015060241,-0.027108434,-0.018072289,-0.030120482,-0.021084337,-0.024096386,-0.018072289,-0.024096386,-0.024096386,-0.024096386,-0.030120482,-0.024096386,-0.057228916,-0.018072289,-0.069277108,0.021084337,-0.009036145,0.027108434,-0.015060241,0.069277108,-0.057228916,0.141566265,-0.141566265,0.090361446,0.189759036,0.168674699,0.114457831,0.048192771,0.430722892,0.09939759,0.304216867,0.012048193,0.463855422,0.078313253,0.313253012,0.006024096,0.442771084,0.069277108,0.325301205,0.024096386,0.430722892,0.081325301,0.331325301,0.490963855,0.036144578,0.524096386,-0.021084337,0.569277108,0.406626506,0.596385542,0.25,0.924698795,0.286144578,0.903614458,0.25,0.972891566,0.240963855,0.954819277,0.201807229,1,0.391566265,0.987951807,0.34939759
2,0,0,-0.025974026,-0.012987013,-0.025974026,-0.016233766,-0.025974026,-0.022727273,-0.029220779,-0.012987013,-0.029220779,-0.016233766,-0.029220779,-0.019480519,-0.016233766,-0.064935065,-0.019480519,-0.068181818,0.022727273,-0.019480519,0.022727273,-0.016233766,0.048701299,-0.094155844,0.068181818,-0.142857143,-0.051948052,0.087662338,-0.019480519,0.048701299,-0.178571429,0.305194805,-0.126623377,0.227272727,-0.233766234,0.331168831,-0.168831169,0.233766234,-0.246753247,0.314935065,-0.181818182,0.233766234,-0.227272727,0.308441558,-0.165584416,0.24025974,0.415584416,-0.448051948,0.422077922,-0.467532468,0.665584416,-0.094155844,0.652597403,-0.123376623,0.925324675,0.233766234,0.88961039,0.178571429,1,0.285714286,0.961038961,0.237012987,0.779220779,0.308441558,0.766233766,0.282467532
2,0,0,-0.029032258,-0.019354839,-0.029032258,-0.022580645,-0.025806452,-0.025806452,-0.029032258,-0.016129032,-0.029032258,-0.022580645,-0.029032258,-0.025806452,-0.016129032,-0.067741935,-0.019354839,-0.070967742,0.025806452,-0.016129032,0.022580645,-0.016129032,0.051612903,-0.090322581,0.067741935,-0.135483871,-0.04516129,0.093548387,-0.019354839,0.05483871,-0.180645161,0.303225806,-0.132258065,0.232258065,-0.229032258,0.329032258,-0.170967742,0.238709677,-0.238709677,0.309677419,-0.187096774,0.235483871,-0.222580645,0.303225806,-0.170967742,0.241935484,0.422580645,-0.441935484,0.422580645,-0.461290323,0.667741935,-0.090322581,0.651612903,-0.122580645,0.922580645,0.232258065,0.893548387,0.170967742,1,0.283870968,0.961290323,0.235483871,0.783870968,0.312903226,0.767741935,0.283870968
2,0,0,-0.025889968,-0.019417476,-0.025889968,-0.022653722,-0.025889968,-0.025889968,-0.029126214,-0.01618123,-0.029126214,-0.022653722,-0.029126214,-0.025889968,-0.012944984,-0.067961165,-0.01618123,-0.071197411,0.025889968,-0.019417476,0.025889968,-0.01618123,0.058252427,-0.093851133,0.074433657,-0.139158576,-0.038834951,0.093851133,-0.009708738,0.055016181,-0.171521036,0.30420712,-0.122977346,0.229773463,-0.216828479,0.326860841,-0.165048544,0.239482201,-0.229773463,0.307443366,-0.177993528,0.236245955,-0.213592233,0.300970874,-0.161812298,0.239482201,0.430420712,-0.446601942,0.430420712,-0.466019417,0.673139159,-0.090614887,0.660194175,-0.1197411,0.922330097,0.226537217,0.896440129,0.16828479,1,0.281553398,0.974110032,0.210355987,0.792880259,0.310679612,0.773462783,0.275080906
2,0,0,-0.029126214,-0.019417476,-0.029126214,-0.025889968,-0.029126214,-0.029126214,-0.029126214,-0.019417476,-0.029126214,-0.022653722,-0.03236246,-0.029126214,-0.01618123,-0.067961165,-0.019417476,-0.074433657,0.025889968,-0.019417476,0.025889968,-0.01618123,0.055016181,-0.093851133,0.067961165,-0.139158576,-0.035598706,0.093851133,-0.009708738,0.055016181,-0.171521036,0.30420712,-0.1197411,0.223300971,-0.216828479,0.330097087,-0.161812298,0.236245955,-0.229773463,0.310679612,-0.174757282,0.233009709,-0.213592233,0.30420712,-0.161812298,0.236245955,0.430420712,-0.443365696,0.430420712,-0.466019417,0.676375405,-0.090614887,0.656957929,-0.126213592,0.919093851,0.223300971,0.909385113,0.158576052,1,0.278317152,0.974110032,0.203883495,0.789644013,0.310679612,0.773462783,0.275080906
2,0,0,-0.029220779,-0.019480519,-0.025974026,-0.025974026,-0.025974026,-0.029220779,-0.029220779,-0.019480519,-0.029220779,-0.022727273,-0.029220779,-0.025974026,-0.012987013,-0.071428571,-0.016233766,-0.074675325,0.025974026,-0.019480519,0.025974026,-0.016233766,0.058441558,-0.094155844,0.068181818,-0.13961039,-0.035714286,0.097402597,-0.006493506,0.055194805,-0.172077922,0.308441558,-0.12012987,0.224025974,-0.217532468,0.337662338,-0.159090909,0.237012987,-0.230519481,0.318181818,-0.172077922,0.233766234,-0.214285714,0.311688312,-0.159090909,0.237012987,0.431818182,-0.441558442,0.425324675,-0.467532468,0.675324675,-0.090909091,0.655844156,-0.126623377,0.922077922,0.224025974,0.88961039,0.159090909,1,0.275974026,0.970779221,0.207792208,0.795454545,0.308441558,0.775974026,0.272727273
2,0,0,-0.029411765,-0.016339869,-0.029411765,-0.022875817,-0.029411765,-0.026143791,-0.029411765,-0.016339869,-0.029411765,-0.019607843,-0.029411765,-0.026143791,-0.013071895,-0.068627451,-0.016339869,-0.071895425,0.026143791,-0.016339869,0.026143791,-0.016339869,0.055555556,-0.091503268,0.071895425,-0.140522876,-0.035947712,0.098039216,-0.006535948,0.055555556,-0.166666667,0.310457516,-0.114379085,0.22875817,-0.218954248,0.336601307,-0.160130719,0.238562092,-0.22875817,0.320261438,-0.173202614,0.235294118,-0.212418301,0.310457516,-0.156862745,0.238562092,0.431372549,-0.444444444,0.431372549,-0.467320261,0.676470588,-0.091503268,0.660130719,-0.124183007,0.928104575,0.22875817,0.895424837,0.163398693,1,0.281045752,0.973856209,0.218954248,0.790849673,0.31372549,0.777777778,0.277777778
2,0,0,-0.029508197,-0.019672131,-0.029508197,-0.02295082,-0.029508197,-0.029508197,-0.029508197,-0.016393443,-0.029508197,-0.019672131,-0.029508197,-0.026229508,-0.016393443,-0.068852459,-0.019672131,-0.072131148,0.026229508,-0.019672131,0.026229508,-0.016393443,0.052459016,-0.098360656,0.072131148,-0.140983607,-0.036065574,0.098360656,-0.003278689,0.055737705,-0.170491803,0.308196721,-0.114754098,0.229508197,-0.219672131,0.33442623,-0.160655738,0.239344262,-0.232786885,0.314754098,-0.173770492,0.236065574,-0.213114754,0.308196721,-0.157377049,0.239344262,0.429508197,-0.449180328,0.426229508,-0.468852459,0.675409836,-0.095081967,0.655737705,-0.124590164,0.924590164,0.229508197,0.895081967,0.157377049,1,0.278688525,0.970491803,0.226229508,0.786885246,0.31147541,0.773770492,0.275409836
2,0,0,-0.029315961,-0.016286645,-0.029315961,-0.019543974,-0.029315961,-0.022801303,-0.029315961,-0.013029316,-0.029315961,-0.016286645,-0.03257329,-0.022801303,-0.019543974,-0.068403909,-0.022801303,-0.068403909,0.022801303,-0.019543974,0.022801303,-0.016286645,0.045602606,-0.104234528,0.06514658,-0.143322476,-0.039087948,0.094462541,-0.006514658,0.055374593,-0.169381107,0.299674267,-0.123778502,0.2247557,-0.221498371,0.32247557,-0.166123779,0.237785016,-0.231270358,0.306188925,-0.179153094,0.234527687,-0.214983713,0.299674267,-0.16286645,0.237785016,0.42019544,-0.449511401,0.416938111,-0.465798046,0.667752443,-0.091205212,0.651465798,-0.123778502,0.925081433,0.2247557,0.895765472,0.16286645,1,0.276872964,0.970684039,0.2247557,0.785016287,0.309446254,0.765472313,0.276872964
2,0,0,-0.03236246,-0.012944984,-0.03236246,-0.01618123,-0.03236246,-0.022653722,-0.03236246,-0.012944984,-0.035598706,-0.01618123,-0.035598706,-0.019417476,-0.025889968,-0.067961165,-0.025889968,-0.067961165,0.022653722,-0.019417476,0.019417476,-0.01618123,0.038834951,-0.100323625,0.061488673,-0.142394822,-0.042071197,0.093851133,-0.009708738,0.055016181,-0.174757282,0.297734628,-0.126213592,0.220064725,-0.223300971,0.32038835,-0.16828479,0.229773463,-0.233009709,0.30420712,-0.181229773,0.229773463,-0.216828479,0.297734628,-0.165048544,0.236245955,0.404530744,-0.44012945,0.411003236,-0.45631068,0.669902913,-0.090614887,0.650485437,-0.1197411,0.925566343,0.220064725,0.896440129,0.16828479,1,0.275080906,0.974110032,0.213592233,0.792880259,0.307443366,0.773462783,0.275080906
2,0,0,-0.03257329,-0.013029316,-0.03257329,-0.016286645,-0.035830619,-0.022801303,-0.03257329,-0.009771987,-0.035830619,-0.016286645,-0.035830619,-0.019543974,-0.029315961,-0.068403909,-0.03257329,-0.068403909,0.019543974,-0.019543974,0.019543974,-0.016286645,0.039087948,-0.107491857,0.055374593,-0.143322476,-0.048859935,0.091205212,-0.016286645,0.055374593,-0.175895765,0.296416938,-0.127035831,0.2247557,-0.228013029,0.32247557,-0.175895765,0.237785016,-0.241042345,0.302931596,-0.188925081,0.241042345,-0.221498371,0.296416938,-0.172638436,0.244299674,0.407166124,-0.442996743,0.410423453,-0.456026059,0.664495114,-0.084690554,0.648208469,-0.114006515,0.928338762,0.231270358,0.895765472,0.182410423,1,0.276872964,0.973941368,0.2247557,0.788273616,0.312703583,0.765472313,0.280130293
3,0,0,0.017391304,-0.028985507,0.028985507,-0.028985507,0.04057971,-0.028985507,-0.008695652,-0.026086957,-0.017391304,-0.028985507,-0.026086957,-0.028985507,0.060869565,-0.014492754,-0.023188406,-0.011594203,0.026086957,0.028985507,-0.011594203,0.028985507,0.173913043,0.139130435,-0.104347826,0.150724638,0.391304348,0.130434783,-0.327536232,0.124637681,0.597101449,0.086956522,-0.550724638,0.057971014,0.672463768,0.072463768,-0.617391304,0.037681159,0.675362319,0.063768116,-0.623188406,0.028985507,0.646376812,0.072463768,-0.597101449,0.04057971,0.147826087,0.620289855,-0.008695652,0.597101449,0.376811594,0.904347826,-0.272463768,0.637681159,0.72173913,0.863768116,-0.136231884,0.91884058,0.771014493,0.834782609,-0.086956522,0.971014493,0.733333333,0.988405797,-0.27826087,1
3,0,0,0.01744186,-0.029069767,0.029069767,-0.029069767,0.040697674,-0.029069767,-0.00872093,-0.029069767,-0.01744186,-0.029069767,-0.023255814,-0.029069767,0.063953488,-0.014534884,-0.023255814,-0.014534884,0.026162791,0.029069767,-0.011627907,0.026162791,0.177325581,0.136627907,-0.101744186,0.151162791,0.389534884,0.136627907,-0.325581395,0.122093023,0.587209302,0.081395349,-0.555232558,0.058139535,0.662790698,0.069767442,-0.619186047,0.037790698,0.662790698,0.058139535,-0.627906977,0.029069767,0.63372093,0.066860465,-0.601744186,0.040697674,0.151162791,0.622093023,-0.005813953,0.595930233,0.377906977,0.904069767,-0.270348837,0.63372093,0.729651163,0.863372093,-0.13372093,0.918604651,0.776162791,0.837209302,-0.084302326,0.970930233,0.738372093,0.988372093,-0.276162791,1
3,0,0,0.020408163,-0.026239067,0.032069971,-0.029154519,0.043731778,-0.029154519,-0.005830904,-0.026239067,-0.011661808,-0.026239067,-0.020408163,-0.026239067,0.069970845,-0.011661808,-0.014577259,-0.011661808,0.026239067,0.032069971,-0.008746356,0.029154519,0.183673469,0.139941691,-0.093294461,0.151603499,0.393586006,0.139941691,-0.320699708,0.125364431,0.591836735,0.084548105,-0.55393586,0.055393586,0.667638484,0.072886297,-0.61516035,0.034985423,0.670553936,0.058309038,-0.623906706,0.026239067,0.641399417,0.067055394,-0.60058309,0.037900875,0.157434402,0.626822157,0,0.597667638,0.38483965,0.906705539,-0.265306122,0.632653061,0.737609329,0.865889213,-0.128279883,0.918367347,0.78425656,0.84548105,-0.078717201,0.967930029,0.743440233,0.994169096,-0.271137026,1
3,0,0,0.020527859,-0.029325513,0.032258065,-0.029325513,0.04398827,-0.029325513,-0.005865103,-0.026392962,-0.011730205,-0.029325513,-0.017595308,-0.029325513,0.070381232,-0.014662757,-0.011730205,-0.014662757,0.026392962,0.032258065,-0.008797654,0.029325513,0.187683284,0.134897361,-0.090909091,0.146627566,0.398826979,0.137829912,-0.319648094,0.123167155,0.601173021,0.082111437,-0.557184751,0.052785924,0.674486804,0.070381232,-0.624633431,0.032258065,0.680351906,0.055718475,-0.630498534,0.023460411,0.651026393,0.064516129,-0.604105572,0.032258065,0.161290323,0.627565982,0.002932551,0.598240469,0.387096774,0.906158358,-0.263929619,0.630498534,0.744868035,0.870967742,-0.126099707,0.920821114,0.794721408,0.850439883,-0.076246334,0.970674487,0.750733138,1,-0.269794721,1
3,0,0,0.020527859,-0.029325513,0.032258065,-0.029325513,0.04398827,-0.029325513,-0.008797654,-0.029325513,-0.014662757,-0.029325513,-0.023460411,-0.029325513,0.06744868,-0.014662757,-0.020527859,-0.014662757,0.026392962,0.035190616,-0.011730205,0.032258065,0.181818182,0.140762463,-0.099706745,0.146627566,0.392961877,0.137829912,-0.331378299,0.123167155,0.595307918,0.082111437,-0.568914956,0.049853372,0.668621701,0.073313783,-0.639296188,0.032258065,0.674486804,0.058651026,-0.642228739,0.020527859,0.64516129,0.06744868,-0.618768328,0.032258065,0.152492669,0.624633431,-0.005865103,0.598240469,0.381231672,0.903225806,-0.269794721,0.627565982,0.741935484,0.865102639,-0.134897361,0.914956012,0.788856305,0.84457478,-0.085043988,0.964809384,0.747800587,0.997067449,-0.275659824,1
3,0,0,0.020527859,-0.029325513,0.032258065,-0.029325513,0.046920821,-0.029325513,-0.005865103,-0.029325513,-0.014662757,-0.029325513,-0.020527859,-0.029325513,0.070381232,-0.014662757,-0.017595308,-0.014662757,0.026392962,0.029325513,-0.011730205,0.029325513,0.184750733,0.140762463,-0.096774194,0.146627566,0.392961877,0.140762463,-0.328445748,0.123167155,0.589442815,0.085043988,-0.551319648,0.052785924,0.66568915,0.073313783,-0.615835777,0.032258065,0.671554252,0.061583578,-0.62170088,0.023460411,0.639296188,0.070381232,-0.598240469,0.032258065,0.15542522,0.624633431,0,0.598240469,0.384164223,0.906158358,-0.26686217,0.627565982,0.744868035,0.865102639,-0.129032258,0.917888563,0.791788856,0.841642229,-0.082111437,0.967741935,0.747800587,1,-0.272727273,0.997067449
3,0,0,0.020588235,-0.026470588,0.032352941,-0.026470588,0.044117647,-0.026470588,-0.005882353,-0.026470588,-0.011764706,-0.026470588,-0.017647059,-0.026470588,0.073529412,-0.011764706,-0.011764706,-0.014705882,0.026470588,0.032352941,-0.008823529,0.032352941,0.188235294,0.144117647,-0.094117647,0.147058824,0.397058824,0.15,-0.323529412,0.120588235,0.6,0.088235294,-0.541176471,0.047058824,0.676470588,0.076470588,-0.602941176,0.026470588,0.679411765,0.061764706,-0.605882353,0.020588235,0.65,0.070588235,-0.582352941,0.032352941,0.158823529,0.626470588,0,0.6,0.388235294,0.911764706,-0.264705882,0.632352941,0.747058824,0.867647059,-0.126470588,0.920588235,0.788235294,0.835294118,-0.076470588,0.970588235,0.764705882,0.994117647,-0.270588235,1
3,0,0,0.020648968,-0.026548673,0.032448378,-0.026548673,0.041297935,-0.026548673,-0.008849558,-0.026548673,-0.017699115,-0.026548673,-0.02359882,-0.029498525,0.067846608,-0.014749263,-0.02359882,-0.014749263,0.026548673,0.032448378,-0.01179941,0.029498525,0.179941003,0.147492625,-0.103244838,0.147492625,0.395280236,0.147492625,-0.336283186,0.120943953,0.592920354,0.085545723,-0.554572271,0.053097345,0.666666667,0.073746313,-0.619469027,0.029498525,0.672566372,0.05899705,-0.622418879,0.02359882,0.640117994,0.067846608,-0.598820059,0.03539823,0.150442478,0.628318584,-0.008849558,0.601769912,0.380530973,0.91740413,-0.277286136,0.631268437,0.740412979,0.867256637,-0.135693215,0.920353982,0.784660767,0.83480826,-0.085545723,0.970501475,0.755162242,0.994100295,-0.280235988,1
3,0,0,0.017804154,-0.026706231,0.029673591,-0.026706231,0.038575668,-0.026706231,-0.008902077,-0.026706231,-0.017804154,-0.029673591,-0.023738872,-0.029673591,0.06231454,-0.014836795,-0.020771513,-0.014836795,0.023738872,0.03264095,-0.011869436,0.029673591,0.178041543,0.142433234,-0.106824926,0.145400593,0.394658754,0.142433234,-0.34421365,0.118694362,0.59347181,0.080118694,-0.572700297,0.044510386,0.667655786,0.068249258,-0.637982196,0.023738872,0.670623145,0.053412463,-0.643916914,0.014836795,0.640949555,0.06231454,-0.620178042,0.026706231,0.151335312,0.632047478,-0.008902077,0.602373887,0.382789318,0.922848665,-0.275964392,0.62611276,0.744807122,0.866468843,-0.136498516,0.919881306,0.789317507,0.833827893,-0.086053412,0.970326409,0.756676558,0.994065282,-0.28189911,1
3,0,0,0.020710059,-0.026627219,0.032544379,-0.026627219,0.044378698,-0.026627219,-0.00591716,-0.026627219,-0.014792899,-0.026627219,-0.023668639,-0.026627219,0.065088757,-0.01183432,-0.020710059,-0.014792899,0.026627219,0.032544379,-0.01183432,0.029585799,0.183431953,0.144970414,-0.103550296,0.147928994,0.399408284,0.139053254,-0.337278107,0.121301775,0.594674556,0.076923077,-0.568047337,0.047337278,0.665680473,0.062130178,-0.636094675,0.023668639,0.671597633,0.050295858,-0.639053254,0.014792899,0.642011834,0.059171598,-0.615384615,0.026627219,0.153846154,0.627218935,-0.00295858,0.603550296,0.384615385,0.917159763,-0.266272189,0.627218935,0.74556213,0.869822485,-0.133136095,0.920118343,0.792899408,0.840236686,-0.082840237,0.970414201,0.75147929,1,-0.278106509,1
4,0,0,0.015337423,-0.030674847,0.018404908,-0.033742331,0.021472393,-0.033742331,0.015337423,-0.030674847,0.018404908,-0.030674847,0.021472393,-0.033742331,0.055214724,-0.030674847,0.049079755,-0.021472393,0.018404908,0.015337423,0.015337423,0.015337423,0.107361963,0.058282209,0.113496933,0.116564417,0.067484663,-0.174846626,0.070552147,-0.104294479,0.006134969,-0.380368098,-0.006134969,-0.325153374,0.003067485,-0.429447853,0.021472393,-0.358895706,0.009202454,-0.432515337,0.003067485,-0.380368098,0.012269939,-0.395705521,0,-0.365030675,0.162576687,0.573619632,0.110429448,0.564417178,0.404907975,0.929447853,-0.190184049,0.573619632,0.803680982,0.874233129,-0.082822086,0.914110429,0.855828221,0.819018405,-0.042944785,0.963190184,0.837423313,1,-0.242331288,0.981595092
4,0,0,0.012232416,-0.03058104,0.01529052,-0.033639144,0.018348624,-0.033639144,0.01529052,-0.03058104,0.018348624,-0.033639144,0.021406728,-0.033639144,0.051987768,-0.03058104,0.04587156,-0.024464832,0.01529052,0.01529052,0.01529052,0.01529052,0.107033639,0.048929664,0.113149847,0.116207951,0.06116208,-0.180428135,0.067278287,-0.113149847,-0.006116208,-0.391437309,-0.009174312,-0.330275229,-0.006116208,-0.440366972,0,-0.376146789,-0.006116208,-0.437308869,0,-0.388379205,0,-0.409785933,-0.003058104,-0.373088685,0.162079511,0.571865443,0.110091743,0.562691131,0.403669725,0.926605505,-0.189602446,0.574923547,0.795107034,0.871559633,-0.085626911,0.911314985,0.847094801,0.813455657,-0.04587156,0.960244648,0.831804281,1,-0.244648318,0.978593272
4,0,0,0.01529052,-0.03058104,0.018348624,-0.033639144,0.021406728,-0.033639144,0.012232416,-0.03058104,0.018348624,-0.033639144,0.018348624,-0.033639144,0.055045872,-0.03058104,0.04587156,-0.024464832,0.01529052,0.01529052,0.01529052,0.01529052,0.107033639,0.058103976,0.116207951,0.122324159,0.064220183,-0.186544343,0.082568807,0,-0.003058104,-0.397553517,-0.006116208,-0.211009174,-0.009174312,-0.449541284,-0.006116208,-0.25382263,-0.009174312,-0.44648318,-0.009174312,-0.266055046,0,-0.409785933,-0.009174312,-0.25382263,0.165137615,0.571865443,0.113149847,0.559633028,0.406727829,0.926605505,-0.183486239,0.571865443,0.798165138,0.874617737,-0.082568807,0.911314985,0.853211009,0.80733945,-0.042813456,0.960244648,0.837920489,1,-0.241590214,0.978593272
4,0,0,0.01529052,-0.03058104,0.018348624,-0.033639144,0.021406728,-0.033639144,0.01529052,-0.03058104,0.018348624,-0.033639144,0.021406728,-0.033639144,0.051987768,-0.03058104,0.04587156,-0.024464832,0.018348624,0.01529052,0.018348624,0.018348624,0.113149847,0.064220183,0.116207951,0.128440367,0.070336391,-0.171253823,0.076452599,-0.06116208,0.021406728,-0.366972477,0.006116208,-0.250764526,0.006116208,-0.418960245,0.009174312,-0.296636086,0.009174312,-0.415902141,0.012232416,-0.302752294,0.01529052,-0.391437309,0,-0.287461774,0.171253823,0.574923547,0.116207951,0.562691131,0.409785933,0.926605505,-0.183486239,0.571865443,0.801223242,0.868501529,-0.079510703,0.911314985,0.856269113,0.804281346,-0.039755352,0.960244648,0.840978593,1,-0.23853211,0.978593272
4,0,0,0.012383901,-0.030959752,0.015479876,-0.034055728,0.018575851,-0.034055728,0.012383901,-0.030959752,0.015479876,-0.030959752,0.018575851,-0.034055728,0.046439628,-0.030959752,0.043343653,-0.027863777,0.018575851,0.018575851,0.018575851,0.018575851,0.108359133,0.068111455,0.111455108,0.13003096,0.07120743,-0.157894737,0.043343653,-0.06501548,0.024767802,-0.362229102,0.034055728,-0.26006192,0.015479876,-0.421052632,0.00619195,-0.328173375,0.015479876,-0.417956656,0.009287926,-0.343653251,0.015479876,-0.390092879,0.00619195,-0.321981424,0.164086687,0.582043344,0.111455108,0.566563467,0.411764706,0.941176471,-0.185758514,0.575851393,0.808049536,0.86996904,-0.089783282,0.919504644,0.857585139,0.808049536,-0.046439628,0.965944272,0.848297214,1,-0.247678019,0.987616099
4,0,0,0.012383901,-0.030959752,0.015479876,-0.034055728,0.018575851,-0.034055728,0.012383901,-0.030959752,0.015479876,-0.030959752,0.018575851,-0.034055728,0.049535604,-0.030959752,0.043343653,-0.024767802,0.018575851,0.015479876,0.018575851,0.018575851,0.108359133,0.068111455,0.111455108,0.126934985,0.07120743,-0.164086687,0.049535604,-0.102167183,0.018575851,-0.368421053,0.018575851,-0.294117647,0.009287926,-0.417956656,0,-0.343653251,0.012383901,-0.411764706,0.003095975,-0.356037152,0.012383901,-0.380804954,0.003095975,-0.33126935,0.164086687,0.578947368,0.114551084,0.566563467,0.411764706,0.938080495,-0.185758514,0.575851393,0.808049536,0.866873065,-0.089783282,0.919504644,0.860681115,0.80495356,-0.046439628,0.965944272,0.848297214,1,-0.250773994,0.987616099
4,0,0,0.01242236,-0.031055901,0.01552795,-0.034161491,0.01863354,-0.034161491,0.01242236,-0.031055901,0.01552795,-0.034161491,0.01863354,-0.034161491,0.052795031,-0.031055901,0.046583851,-0.027950311,0.01863354,0.01552795,0.01863354,0.01552795,0.108695652,0.065217391,0.111801242,0.127329193,0.077639752,-0.164596273,0.065217391,-0.096273292,0.02484472,-0.385093168,0,-0.304347826,0.01552795,-0.434782609,0.00310559,-0.344720497,0.02173913,-0.425465839,0.00621118,-0.357142857,0.02173913,-0.413043478,0.00310559,-0.344720497,0.164596273,0.583850932,0.114906832,0.568322981,0.413043478,0.937888199,-0.186335404,0.574534161,0.810559006,0.866459627,-0.090062112,0.919254658,0.866459627,0.801242236,-0.049689441,0.965838509,0.850931677,1,-0.251552795,0.99068323
4,0,0,0.012383901,-0.027863777,0.015479876,-0.030959752,0.018575851,-0.030959752,0.012383901,-0.027863777,0.015479876,-0.030959752,0.018575851,-0.030959752,0.049535604,-0.030959752,0.043343653,-0.024767802,0.018575851,0.018575851,0.018575851,0.018575851,0.105263158,0.068111455,0.105263158,0.126934985,0.080495356,-0.160990712,0.07120743,-0.099071207,0.030959752,-0.390092879,0.043343653,-0.284829721,0.024767802,-0.436532508,0.030959752,-0.343653251,0.027863777,-0.430340557,0.015479876,-0.371517028,0.030959752,-0.411764706,0.012383901,-0.359133127,0.160990712,0.578947368,0.114551084,0.569659443,0.414860681,0.938080495,-0.182662539,0.578947368,0.811145511,0.866873065,-0.086687307,0.919504644,0.86377709,0.80495356,-0.043343653,0.965944272,0.854489164,1,-0.247678019,0.987616099
4,0,0,0.01242236,-0.031055901,0.01552795,-0.034161491,0.01863354,-0.034161491,0.01242236,-0.031055901,0.01552795,-0.034161491,0.01863354,-0.034161491,0.052795031,-0.027950311,0.043478261,-0.02484472,0.01552795,0.01863354,0.01552795,0.01863354,0.108695652,0.074534161,0.105590062,0.133540373,0.080745342,-0.164596273,0.077639752,-0.105590062,0.040372671,-0.388198758,0.02484472,-0.307453416,0.031055901,-0.440993789,0.043478261,-0.360248447,0.034161491,-0.440993789,0.034161491,-0.363354037,0.034161491,-0.406832298,0.031055901,-0.350931677,0.170807453,0.599378882,0.121118012,0.580745342,0.422360248,0.953416149,-0.183229814,0.574534161,0.819875776,0.863354037,-0.083850932,0.916149068,0.869565217,0.795031056,-0.040372671,0.962732919,0.866459627,1,-0.245341615,0.98447205
4,0,0,0.0125,-0.03125,0.01875,-0.03125,0.021875,-0.034375,0.0125,-0.028125,0.015625,-0.03125,0.01875,-0.03125,0.05625,-0.025,0.046875,-0.01875,0.01875,0.01875,0.015625,0.01875,0.1125,0.065625,0.10625,0.13125,0.078125,-0.178125,0.03125,-0.04375,0.01875,-0.403125,-0.028125,-0.228125,0.0125,-0.453125,-0.028125,-0.259375,0.00625,-0.446875,-0.025,-0.271875,0.009375,-0.41875,-0.028125,-0.265625,0.171875,0.5875,0.115625,0.571875,0.421875,0.946875,-0.184375,0.56875,0.825,0.86875,-0.08125,0.909375,0.875,0.8,-0.0375,0.959375,0.871875,1,-0.24375,0.98125
6,0,0,0.022727273,-0.036363636,0.036363636,-0.036363636,0.05,-0.036363636,-0.018181818,-0.036363636,-0.031818182,-0.031818182,-0.045454545,-0.031818182,0.081818182,-0.013636364,-0.059090909,-0.013636364,0.031818182,0.040909091,-0.022727273,0.040909091,0.227272727,0.222727273,-0.186363636,0.245454545,0.204545455,0.554545455,-0.159090909,0.581818182,0.122727273,0.872727273,-0.090909091,0.904545455,0.086363636,0.963636364,-0.059090909,0.995454545,0.054545455,0.954545455,-0.022727273,0.972727273,0.059090909,0.922727273,-0.031818182,0.940909091,0.145454545,0.786363636,-0.109090909,0.804545455,0.604545455,0.718181818,-0.590909091,0.727272727,0.136363636,0.945454545,-0.122727273,0.963636364,0.077272727,0.954545455,-0.063636364,0.968181818,0.05,1,-0.009090909,0.995454545
6,0,0,0.022727273,-0.036363636,0.036363636,-0.036363636,0.05,-0.036363636,-0.018181818,-0.036363636,-0.031818182,-0.036363636,-0.045454545,-0.031818182,0.081818182,-0.013636364,-0.054545455,-0.013636364,0.031818182,0.040909091,-0.018181818,0.036363636,0.227272727,0.227272727,-0.181818182,0.245454545,0.204545455,0.559090909,-0.159090909,0.581818182,0.122727273,0.877272727,-0.090909091,0.9,0.086363636,0.963636364,-0.063636364,0.990909091,0.054545455,0.954545455,-0.022727273,0.968181818,0.059090909,0.922727273,-0.031818182,0.936363636,0.15,0.786363636,-0.109090909,0.804545455,0.604545455,0.718181818,-0.590909091,0.727272727,0.136363636,0.95,-0.122727273,0.963636364,0.077272727,0.959090909,-0.063636364,0.968181818,0.05,1,-0.009090909,0.990909091
6,0,0,0.022624434,-0.036199095,0.040723982,-0.036199095,0.054298643,-0.036199095,-0.018099548,-0.036199095,-0.031674208,-0.036199095,-0.040723982,-0.031674208,0.085972851,-0.013574661,-0.049773756,-0.013574661,0.031674208,0.040723982,-0.018099548,0.036199095,0.226244344,0.226244344,-0.176470588,0.244343891,0.208144796,0.556561086,-0.158371041,0.583710407,0.122171946,0.873303167,-0.090497738,0.900452489,0.085972851,0.963800905,-0.058823529,0.990950226,0.054298643,0.954751131,-0.022624434,0.963800905,0.058823529,0.923076923,-0.027149321,0.932126697,0.149321267,0.787330317,-0.108597285,0.800904977,0.606334842,0.714932127,-0.588235294,0.7239819,0.135746606,0.945701357,-0.122171946,0.959276018,0.076923077,0.954751131,-0.063348416,0.963800905,0.054298643,1,-0.009049774,0.986425339
6,0,0,0.027149321,-0.036199095,0.040723982,-0.036199095,0.054298643,-0.036199095,-0.018099548,-0.031674208,-0.027149321,-0.031674208,-0.040723982,-0.027149321,0.081447964,-0.013574661,-0.054298643,-0.009049774,0.036199095,0.040723982,-0.018099548,0.040723982,0.226244344,0.221719457,-0.176470588,0.239819005,0.208144796,0.556561086,-0.158371041,0.574660633,0.122171946,0.873303167,-0.090497738,0.895927602,0.085972851,0.959276018,-0.058823529,0.986425339,0.054298643,0.950226244,-0.022624434,0.963800905,0.058823529,0.918552036,-0.031674208,0.932126697,0.149321267,0.78280543,-0.108597285,0.800904977,0.601809955,0.714932127,-0.588235294,0.7239819,0.135746606,0.941176471,-0.122171946,0.959276018,0.076923077,0.954751131,-0.063348416,0.959276018,0.054298643,1,-0.009049774,0.986425339
6,0,0,0.027272727,-0.031818182,0.040909091,-0.031818182,0.054545455,-0.031818182,-0.013636364,-0.031818182,-0.027272727,-0.031818182,-0.040909091,-0.027272727,0.081818182,-0.013636364,-0.05,-0.009090909,0.036363636,0.040909091,-0.018181818,0.040909091,0.227272727,0.227272727,-0.177272727,0.240909091,0.209090909,0.559090909,-0.159090909,0.577272727,0.122727273,0.872727273,-0.090909091,0.9,0.086363636,0.963636364,-0.063636364,0.990909091,0.054545455,0.95,-0.022727273,0.963636364,0.063636364,0.922727273,-0.031818182,0.931818182,0.15,0.786363636,-0.109090909,0.804545455,0.604545455,0.718181818,-0.590909091,0.722727273,0.136363636,0.945454545,-0.122727273,0.963636364,0.077272727,0.954545455,-0.063636364,0.963636364,0.05,1,-0.004545455,0.990909091
6,0,0,0.02283105,-0.03652968,0.04109589,-0.03196347,0.054794521,-0.03196347,-0.01826484,-0.03196347,-0.03196347,-0.03196347,-0.04109589,-0.02739726,0.082191781,-0.01369863,-0.050228311,-0.00913242,0.03652968,0.04109589,-0.01826484,0.04109589,0.228310502,0.223744292,-0.178082192,0.242009132,0.210045662,0.557077626,-0.159817352,0.579908676,0.127853881,0.876712329,-0.091324201,0.899543379,0.086757991,0.96803653,-0.063926941,0.99543379,0.054794521,0.95890411,-0.02283105,0.97260274,0.063926941,0.926940639,-0.03196347,0.936073059,0.150684932,0.789954338,-0.109589041,0.808219178,0.607305936,0.721461187,-0.593607306,0.726027397,0.136986301,0.949771689,-0.123287671,0.96803653,0.077625571,0.95890411,-0.063926941,0.96803653,0.0456621,1,-0.00913242,0.99543379
6,0,0,0.023041475,-0.036866359,0.036866359,-0.036866359,0.050691244,-0.036866359,-0.01843318,-0.032258065,-0.02764977,-0.032258065,-0.041474654,-0.02764977,0.082949309,-0.01843318,-0.046082949,-0.013824885,0.036866359,0.036866359,-0.01843318,0.041474654,0.235023041,0.221198157,-0.175115207,0.239631336,0.216589862,0.557603687,-0.156682028,0.580645161,0.133640553,0.875576037,-0.087557604,0.907834101,0.092165899,0.967741935,-0.055299539,1,0.064516129,0.958525346,-0.01843318,0.97235023,0.069124424,0.926267281,-0.023041475,0.940092166,0.156682028,0.792626728,-0.105990783,0.811059908,0.617511521,0.718894009,-0.594470046,0.728110599,0.147465438,0.949308756,-0.115207373,0.97235023,0.082949309,0.958525346,-0.059907834,0.97235023,0.059907834,1,0,1
6,0,0,0.023041475,-0.036866359,0.036866359,-0.036866359,0.050691244,-0.036866359,-0.01843318,-0.032258065,-0.032258065,-0.032258065,-0.046082949,-0.032258065,0.082949309,-0.01843318,-0.050691244,-0.013824885,0.032258065,0.036866359,-0.023041475,0.036866359,0.230414747,0.221198157,-0.179723502,0.239631336,0.216589862,0.557603687,-0.156682028,0.580645161,0.124423963,0.880184332,-0.092165899,0.907834101,0.087557604,0.97235023,-0.059907834,1,0.055299539,0.958525346,-0.023041475,0.97235023,0.059907834,0.926267281,-0.02764977,0.940092166,0.147465438,0.797235023,-0.110599078,0.811059908,0.612903226,0.718894009,-0.594470046,0.723502304,0.138248848,0.953917051,-0.124423963,0.97235023,0.078341014,0.963133641,-0.064516129,0.97235023,0.055299539,1,-0.004608295,0.995391705
6,0,0,0.023041475,-0.036866359,0.041474654,-0.036866359,0.055299539,-0.036866359,-0.01843318,-0.032258065,-0.02764977,-0.032258065,-0.041474654,-0.032258065,0.082949309,-0.01843318,-0.046082949,-0.013824885,0.036866359,0.036866359,-0.01843318,0.036866359,0.235023041,0.221198157,-0.170506912,0.239631336,0.216589862,0.557603687,-0.152073733,0.580645161,0.129032258,0.880184332,-0.087557604,0.903225806,0.092165899,0.97235023,-0.059907834,1,0.059907834,0.958525346,-0.01843318,0.97235023,0.064516129,0.930875576,-0.02764977,0.940092166,0.161290323,0.792626728,-0.101382488,0.811059908,0.617511521,0.718894009,-0.589861751,0.723502304,0.142857143,0.953917051,-0.119815668,0.97235023,0.082949309,0.963133641,-0.059907834,0.97235023,0.059907834,1,0,0.99078341
6,0,0,0.023148148,-0.037037037,0.037037037,-0.037037037,0.050925926,-0.037037037,-0.018518519,-0.032407407,-0.032407407,-0.032407407,-0.041666667,-0.032407407,0.083333333,-0.023148148,-0.050925926,-0.013888889,0.032407407,0.037037037,-0.018518519,0.037037037,0.236111111,0.217592593,-0.175925926,0.240740741,0.217592593,0.560185185,-0.157407407,0.583333333,0.12962963,0.87962963,-0.092592593,0.907407407,0.087962963,0.972222222,-0.060185185,1,0.055555556,0.962962963,-0.023148148,0.972222222,0.064814815,0.930555556,-0.032407407,0.944444444,0.152777778,0.796296296,-0.106481481,0.810185185,0.615740741,0.717592593,-0.601851852,0.722222222,0.134259259,0.953703704,-0.125,0.972222222,0.078703704,0.962962963,-0.064814815,0.972222222,0.055555556,1,-0.009259259,0.99537037
5,0,0,-0.006097561,-0.067073171,-0.018292683,-0.073170732,-0.024390244,-0.079268293,-0.018292683,-0.067073171,-0.030487805,-0.073170732,-0.042682927,-0.073170732,-0.115853659,-0.103658537,-0.12195122,-0.097560976,-0.042682927,0.036585366,-0.048780488,0.030487805,-0.243902439,0.067073171,-0.262195122,0.073170732,0.225609756,0.219512195,0.237804878,0.262195122,0.664634146,0.365853659,0.676829268,0.396341463,0.780487805,0.426829268,0.792682927,0.463414634,0.792682927,0.43902439,0.817073171,0.451219512,0.756097561,0.420731707,0.774390244,0.426829268,-0.640243902,0.615853659,-0.682926829,0.713414634,0.06097561,0.719512195,0.073170732,0.762195122,0.829268293,0.780487805,0.87195122,0.817073171,0.957317073,0.835365854,0.981707317,0.884146341,0.957317073,0.542682927,1,0.56097561
5,0,0,-0.012195122,-0.067073171,-0.018292683,-0.067073171,-0.024390244,-0.073170732,-0.018292683,-0.067073171,-0.030487805,-0.067073171,-0.042682927,-0.073170732,-0.115853659,-0.097560976,-0.12804878,-0.097560976,-0.042682927,0.036585366,-0.048780488,0.036585366,-0.237804878,0.067073171,-0.268292683,0.079268293,0.219512195,0.219512195,0.237804878,0.262195122,0.658536585,0.365853659,0.676829268,0.396341463,0.774390244,0.432926829,0.792682927,0.463414634,0.786585366,0.43902439,0.817073171,0.445121951,0.75,0.420731707,0.780487805,0.426829268,-0.640243902,0.62804878,-0.68902439,0.725609756,0.073170732,0.719512195,0.073170732,0.768292683,0.829268293,0.780487805,0.87195122,0.823170732,0.963414634,0.835365854,0.981707317,0.884146341,0.963414634,0.542682927,1,0.56097561
5,0,0,-0.012121212,-0.060606061,-0.018181818,-0.066666667,-0.024242424,-0.072727273,-0.018181818,-0.060606061,-0.03030303,-0.066666667,-0.042424242,-0.072727273,-0.115151515,-0.103030303,-0.121212121,-0.096969697,-0.042424242,0.042424242,-0.048484848,0.036363636,-0.236363636,0.066666667,-0.254545455,0.078787879,0.224242424,0.212121212,0.242424242,0.254545455,0.666666667,0.363636364,0.690909091,0.387878788,0.781818182,0.412121212,0.8,0.448484848,0.793939394,0.424242424,0.824242424,0.436363636,0.757575758,0.412121212,0.787878788,0.418181818,-0.636363636,0.63030303,-0.678787879,0.715151515,0.072727273,0.709090909,0.078787879,0.751515152,0.818181818,0.763636364,0.866666667,0.812121212,0.963636364,0.824242424,0.975757576,0.872727273,0.957575758,0.527272727,1,0.545454545
5,0,0,-0.006024096,-0.060240964,-0.018072289,-0.06626506,-0.024096386,-0.072289157,-0.012048193,-0.060240964,-0.024096386,-0.06626506,-0.036144578,-0.072289157,-0.108433735,-0.102409639,-0.114457831,-0.096385542,-0.042168675,0.036144578,-0.048192771,0.030120482,-0.234939759,0.048192771,-0.240963855,0.06626506,0.222891566,0.204819277,0.246987952,0.246987952,0.686746988,0.361445783,0.698795181,0.379518072,0.795180723,0.415662651,0.807228916,0.439759036,0.813253012,0.427710843,0.831325301,0.427710843,0.771084337,0.409638554,0.795180723,0.415662651,-0.620481928,0.590361446,-0.662650602,0.698795181,0.072289157,0.686746988,0.078313253,0.740963855,0.813253012,0.753012048,0.855421687,0.795180723,0.951807229,0.813253012,0.969879518,0.86746988,0.963855422,0.518072289,1,0.530120482
5,0,0,-0.011904762,-0.05952381,-0.017857143,-0.06547619,-0.029761905,-0.071428571,-0.017857143,-0.05952381,-0.029761905,-0.06547619,-0.041666667,-0.071428571,-0.113095238,-0.101190476,-0.113095238,-0.095238095,-0.047619048,0.035714286,-0.053571429,0.035714286,-0.232142857,0.047619048,-0.244047619,0.06547619,0.226190476,0.196428571,0.244047619,0.244047619,0.678571429,0.351190476,0.69047619,0.375,0.791666667,0.404761905,0.803571429,0.43452381,0.803571429,0.416666667,0.821428571,0.422619048,0.761904762,0.404761905,0.785714286,0.410714286,-0.619047619,0.589285714,-0.660714286,0.68452381,0.06547619,0.68452381,0.077380952,0.726190476,0.80952381,0.738095238,0.857142857,0.779761905,0.946428571,0.791666667,0.958333333,0.845238095,0.952380952,0.505952381,1,0.523809524
5,0,0,-0.005952381,-0.06547619,-0.011904762,-0.071428571,-0.023809524,-0.077380952,-0.011904762,-0.05952381,-0.023809524,-0.06547619,-0.035714286,-0.071428571,-0.107142857,-0.107142857,-0.113095238,-0.101190476,-0.041666667,0.035714286,-0.047619048,0.035714286,-0.226190476,0.041666667,-0.244047619,0.053571429,0.232142857,0.196428571,0.244047619,0.232142857,0.68452381,0.351190476,0.69047619,0.369047619,0.791666667,0.404761905,0.803571429,0.428571429,0.803571429,0.410714286,0.821428571,0.416666667,0.767857143,0.398809524,0.785714286,0.404761905,-0.607142857,0.583333333,-0.660714286,0.678571429,0.071428571,0.678571429,0.077380952,0.720238095,0.81547619,0.738095238,0.863095238,0.779761905,0.946428571,0.791666667,0.970238095,0.851190476,0.952380952,0.505952381,1,0.523809524
5,0,0,-0.005952381,-0.06547619,-0.011904762,-0.071428571,-0.023809524,-0.077380952,-0.011904762,-0.06547619,-0.023809524,-0.06547619,-0.035714286,-0.077380952,-0.107142857,-0.107142857,-0.113095238,-0.101190476,-0.041666667,0.035714286,-0.047619048,0.035714286,-0.232142857,0.047619048,-0.25,0.05952381,0.226190476,0.196428571,0.238095238,0.232142857,0.678571429,0.351190476,0.68452381,0.369047619,0.785714286,0.404761905,0.797619048,0.428571429,0.803571429,0.416666667,0.821428571,0.422619048,0.761904762,0.404761905,0.779761905,0.404761905,-0.613095238,0.601190476,-0.654761905,0.69047619,0.077380952,0.68452381,0.089285714,0.726190476,0.80952381,0.738095238,0.863095238,0.779761905,0.958333333,0.791666667,0.970238095,0.851190476,0.952380952,0.505952381,1,0.529761905
5,0,0,-0.011976048,-0.065868263,-0.017964072,-0.071856287,-0.023952096,-0.083832335,-0.017964072,-0.065868263,-0.02994012,-0.071856287,-0.041916168,-0.077844311,-0.107784431,-0.107784431,-0.119760479,-0.107784431,-0.047904192,0.035928144,-0.053892216,0.02994012,-0.233532934,0.047904192,-0.25748503,0.053892216,0.22754491,0.19760479,0.239520958,0.221556886,0.670658683,0.353293413,0.682634731,0.359281437,0.778443114,0.407185629,0.796407186,0.431137725,0.796407186,0.425149701,0.820359281,0.425149701,0.754491018,0.407185629,0.778443114,0.401197605,-0.598802395,0.586826347,-0.664670659,0.688622754,0.071856287,0.688622754,0.077844311,0.724550898,0.814371257,0.736526946,0.862275449,0.784431138,0.952095808,0.796407186,0.976047904,0.850299401,0.952095808,0.508982036,1,0.526946108
5,0,0,-0.005988024,-0.065868263,-0.017964072,-0.071856287,-0.023952096,-0.077844311,-0.017964072,-0.065868263,-0.02994012,-0.071856287,-0.041916168,-0.077844311,-0.107784431,-0.107784431,-0.113772455,-0.101796407,-0.047904192,0.035928144,-0.053892216,0.02994012,-0.245508982,0.047904192,-0.245508982,0.047904192,0.221556886,0.209580838,0.239520958,0.221556886,0.670658683,0.359281437,0.682634731,0.365269461,0.77245509,0.419161677,0.796407186,0.431137725,0.790419162,0.431137725,0.820359281,0.425149701,0.748502994,0.413173653,0.784431138,0.407185629,-0.610778443,0.568862275,-0.664670659,0.682634731,0.065868263,0.688622754,0.089820359,0.730538922,0.736526946,0.74251497,0.862275449,0.790419162,0.946107784,0.790419162,0.976047904,0.850299401,0.934131737,0.508982036,1,0.532934132
5,0,0,-0.012048193,-0.06626506,-0.018072289,-0.072289157,-0.024096386,-0.078313253,-0.018072289,-0.06626506,-0.024096386,-0.072289157,-0.036144578,-0.078313253,-0.114457831,-0.108433735,-0.120481928,-0.102409639,-0.048192771,0.042168675,-0.054216867,0.036144578,-0.240963855,0.048192771,-0.259036145,0.048192771,0.222891566,0.204819277,0.240963855,0.234939759,0.668674699,0.343373494,0.686746988,0.361445783,0.78313253,0.397590361,0.801204819,0.427710843,0.795180723,0.415662651,0.825301205,0.415662651,0.759036145,0.397590361,0.78313253,0.397590361,-0.63253012,0.602409639,-0.674698795,0.692771084,0.072289157,0.686746988,0.090361446,0.728915663,0.765060241,0.746987952,0.84939759,0.795180723,0.951807229,0.801204819,0.969879518,0.855421687,0.93373494,0.5,1,0.524096386
